Cognome,Nome,Telefono,Email,Codice Fiscale,File
Antonio,Verdi,3764523985,Verdi.Antonio@gmail.com,RSSMRA85T10A562S,RSSMRA85T10A562S_20240118175938.pdf
Mario,Rossi,3766452901,Rossi.Mario@gmail.com,RSSMRA85T10A562S,RSSMRA85T10A562S_20240118180036.pdf
Luigi,Bianchi,3766452901,Bianchi.Luigi@gmail.com,RSSMRA85T10A562S,RSSMRA85T10A562S_20240118180110.pdf
Pippo,Pluto,3123456789,Pluto.Pippo@gmail.com,RSSMRA85T10A562S,RSSMRA85T10A562S_20240118180153.pdf
Nicola,Cognome,3098654319,Cognome.Nicola@gmail.com,RSSMRA85T10A562S,RSSMRA85T10A562S_20240118180254.pdf
Ernesto,Jumbodrillo,3957356142,JuJ.Ernesto@gmail.com,RSSMRA85T10A562S,RSSMRA85T10A562S_20240118182154.pdf
Gianni,Verderio,3987345190,Verderio.Gianni@gmail.com,RSSMRA85T10A562S,RSSMRA85T10A562S_20240118182233.pdf
Giuseppe,Fumagalli,3701326193,Fumagalli.Giuseppe@gmail.com,RSSMRA85T10A562S,RSSMRA85T10A562S_20240119210038.pdf
